1,jawa
2,jawa
3,jawa
4,jawa
5,luar jawa
6,jawa
7,-
8,jawa
9,jawa
10,-
11,luar jawa
12,luar jawa
13,luar jawa
14,luar jawa
15,luar jawa
16,luar jawa
17,luar jawa
18,luar jawa
19,jawa
20,luar jawa
21,jawa
22,luar jawa
23,luar jawa
24,jawa
25,jawa
26,-
27,luar jawa
28,luar jawa
29,luar jawa
30,-
31,jawa
32,jawa
33,jawa
34,jawa
35,jawa
36,luar jawa
37,luar jawa
38,luar jawa
39,-
40,luar jawa
41,luar jawa
42,jawa
43,jawa
44,jawa
45,luar jawa
46,jawa
47,luar jawa
48,jawa
49,luar jawa
50,luar jawa
51,jawa
52,-
53,luar jawa
54,luar jawa
55,luar jawa
56,jawa
57,luar jawa
58,luar jawa
59,luar jawa
60,luar jawa
61,jawa
62,luar jawa
63,luar jawa
64,luar jawa
65,jawa
66,-
67,jawa
68,luar jawa
69,luar jawa
70,jawa
71,luar jawa
72,luar jawa
73,jawa
74,luar jawa
75,luar jawa
76,-
77,jawa
78,jawa
79,-
80,jawa
81,jawa
82,luar jawa
83,jawa
84,jawa
85,luar jawa
86,jawa
87,-
88,jawa
89,jawa
90,jawa
91,luar jawa
92,luar jawa
93,luar jawa
94,jawa
95,-
96,-
97,luar jawa
98,jawa
99,luar jawa
100,-
101,luar jawa
102,luar jawa
103,luar jawa
104,jawa
105,jawa
106,jawa
107,jawa
108,jawa
109,jawa
110,jawa
111,jawa
112,jawa
113,jawa
114,jawa
115,-
116,luar jawa
117,luar jawa
118,luar jawa
119,jawa
120,luar jawa
121,jawa
122,-
123,jawa
124,jawa
125,luar jawa
126,luar jawa
127,luar jawa
128,-
129,jawa
130,luar jawa
131,luar jawa
132,luar jawa
133,luar jawa
134,luar jawa
135,-
136,luar jawa
137,luar jawa
138,jawa
139,luar jawa
140,-
141,jawa
142,jawa
143,luar jawa
144,jawa
145,-
146,luar jawa
147,-
148,jawa
149,jawa
150,jawa
151,luar jawa
152,jawa
153,luar jawa
154,jawa
155,luar jawa
156,jawa
157,-
158,luar jawa
159,luar jawa
160,jawa
161,-
162,jawa
163,luar jawa
164,-
165,-
166,luar jawa
167,jawa
168,jawa
169,jawa
170,-
171,jawa
172,jawa
173,jawa
174,luar jawa
175,luar jawa
176,jawa
177,jawa
178,luar jawa
179,luar jawa
180,jawa
181,luar jawa
182,-
183,luar jawa
184,jawa
185,jawa
186,luar jawa
187,jawa
188,luar jawa
189,luar jawa
190,jawa
191,jawa
192,luar jawa
193,jawa
194,luar jawa
195,jawa
196,luar jawa
197,luar jawa
198,-
199,jawa
200,-
201,jawa
202,luar jawa
203,luar jawa
204,luar jawa
205,jawa
206,jawa
207,-
208,luar jawa
209,luar jawa
210,luar jawa
211,jawa
212,jawa
213,luar jawa
214,jawa
215,jawa
216,luar jawa
217,luar jawa
218,jawa
219,luar jawa
220,jawa
221,-
222,luar jawa
223,-
224,-
225,-
226,luar jawa
227,luar jawa
228,jawa
229,luar jawa
230,-
231,-
232,-
233,-
234,luar jawa
235,-
236,-
237,-
238,-
239,-
240,jawa
241,-
242,-
243,-
244,jawa
245,-
246,jawa
247,luar jawa
248,luar jawa
249,jawa
250,-
251,-
252,-
253,-
254,-
255,-
256,jawa
257,-
258,jawa
259,-
260,jawa
261,luar jawa
262,-
263,jawa
264,jawa
265,jawa
266,luar jawa
267,-
268,jawa
269,-
270,-
271,-
272,jawa
273,-
274,jawa
275,jawa
276,-
277,-
278,jawa
279,jawa
280,jawa
281,-
282,-
283,-
284,-
285,jawa
286,luar jawa
287,jawa
288,-
289,jawa
290,-
291,-
292,luar jawa
293,jawa
294,jawa
295,-
296,-
297,jawa
298,-
299,-
300,jawa
301,jawa
302,luar jawa
303,jawa
304,-
305,-
306,jawa
307,luar jawa
308,jawa
309,luar jawa
310,luar jawa
311,luar jawa
312,jawa
313,-
314,luar jawa
315,jawa
316,-
317,-
318,jawa
319,-
320,luar jawa
321,jawa
322,jawa
323,jawa
324,jawa
325,jawa
326,jawa
327,luar jawa
328,jawa
329,-
330,-
331,-
332,jawa
333,-
334,jawa
335,-
336,luar jawa
337,jawa
338,-
339,jawa
340,luar jawa
341,luar jawa
342,jawa
343,jawa
344,luar jawa
345,jawa
346,jawa
347,jawa
348,jawa
349,luar jawa
350,luar jawa
351,luar jawa
352,jawa
353,luar jawa
354,jawa
355,luar jawa
356,jawa
357,jawa
358,jawa
359,luar jawa
360,jawa
361,luar jawa
362,-
363,-
364,luar jawa
365,-
366,jawa
367,jawa
368,jawa
369,luar jawa
370,luar jawa
371,-
372,jawa
373,luar jawa
374,jawa
375,luar jawa
376,jawa
377,luar jawa
378,-
379,jawa
380,luar jawa
381,jawa
382,luar jawa
383,luar jawa
384,jawa
385,luar jawa
386,luar jawa
387,jawa
388,luar jawa
389,jawa
390,jawa
391,-
392,jawa
393,luar jawa
394,-
395,luar jawa
396,luar jawa
397,-
398,luar jawa
399,luar jawa
400,luar jawa
401,-
402,jawa
403,luar jawa
404,jawa
405,luar jawa
406,luar jawa
407,jawa
408,jawa
409,jawa
410,jawa
411,jawa
412,jawa
413,luar jawa
414,luar jawa
415,jawa
416,-
417,luar jawa
418,-
419,-
420,luar jawa
421,luar jawa
422,jawa
423,-
424,luar jawa
425,-
426,-
427,-
428,-
429,-
430,jawa
431,-
432,-
433,luar jawa
434,luar jawa
435,luar jawa
436,-
437,luar jawa
438,luar jawa
439,luar jawa
440,luar jawa
441,jawa
442,luar jawa
443,jawa
444,luar jawa
445,luar jawa
446,jawa
447,jawa
448,luar jawa
449,luar jawa
450,jawa
451,-
452,-
453,luar jawa
454,jawa
455,luar jawa
456,jawa
457,luar jawa
458,jawa
459,jawa
460,jawa
461,jawa
462,jawa
463,jawa
464,luar jawa
465,jawa
466,jawa
467,-
468,luar jawa
469,jawa
470,luar jawa
471,jawa
472,jawa
473,luar jawa
474,-
475,jawa
476,jawa
477,luar jawa
478,luar jawa
479,jawa
480,jawa
481,luar jawa
482,jawa
483,jawa
484,jawa
485,luar jawa
486,luar jawa
487,luar jawa
488,jawa
489,luar jawa
490,luar jawa
491,jawa
492,jawa
493,luar jawa
494,jawa
495,jawa
496,jawa
497,jawa
498,-
499,luar jawa
500,jawa
501,luar jawa
502,jawa
503,jawa
504,luar jawa
505,jawa
506,jawa
507,jawa
508,luar jawa
509,luar jawa
510,jawa
511,jawa
512,-
513,jawa
514,jawa
515,jawa
516,jawa
517,jawa
518,jawa
519,luar jawa
520,-
521,jawa
522,luar jawa
523,jawa
524,jawa
525,luar jawa
526,jawa
527,luar jawa
528,jawa
529,luar jawa
530,jawa
531,luar jawa
532,jawa
533,jawa
534,jawa
535,jawa
536,jawa
537,jawa
538,luar jawa
539,-
540,luar jawa
541,-
542,-
543,luar jawa
544,jawa
545,jawa
546,luar jawa
547,jawa
548,luar jawa
549,luar jawa
550,luar jawa
551,luar jawa
552,jawa
553,jawa
554,-
555,luar jawa
556,-
557,jawa
558,-
559,luar jawa
560,-
561,jawa
562,-
563,jawa
564,jawa
565,-
566,jawa
567,jawa
568,-
569,luar jawa
570,-
571,jawa
572,luar jawa
573,-
574,luar jawa
575,luar jawa
576,jawa
577,jawa
578,-
579,luar jawa
580,jawa
581,luar jawa
582,luar jawa
583,jawa
584,-
585,jawa
586,jawa
587,-
588,-
589,luar jawa
590,jawa
591,luar jawa
592,jawa
593,jawa
594,-
595,-
596,jawa
597,jawa
598,luar jawa
599,luar jawa
600,-
601,jawa
602,-
603,-
604,-
605,luar jawa
606,-
607,-
608,-
609,luar jawa
610,luar jawa
611,luar jawa
612,luar jawa
613,luar jawa
614,luar jawa
615,jawa
616,jawa
617,jawa
618,-
619,luar jawa
620,jawa
621,jawa
622,-
623,luar jawa
624,-
625,jawa
626,luar jawa
627,-
628,-
629,jawa
630,jawa
631,jawa
632,luar jawa
633,jawa
634,luar jawa
635,jawa
636,luar jawa
637,luar jawa
638,jawa
639,jawa
640,jawa
641,luar jawa
642,luar jawa
643,jawa
644,luar jawa
645,jawa
646,jawa
647,jawa
648,jawa
649,-
650,luar jawa
651,jawa
652,-
653,jawa
654,-
655,luar jawa
656,luar jawa
657,-
658,-
659,-
660,-
661,luar jawa
662,luar jawa
663,jawa
664,jawa
665,jawa
666,jawa
667,jawa
668,-
669,jawa
670,-
671,jawa
672,jawa
673,-
674,luar jawa
675,luar jawa
676,luar jawa
677,luar jawa
678,-
679,jawa
680,luar jawa
681,jawa
682,luar jawa
683,jawa
684,luar jawa
685,-
686,-
687,jawa
688,jawa
689,-
690,-
691,-
692,-
693,luar jawa
694,jawa
695,-
696,jawa
697,jawa
698,-
699,luar jawa
700,-
701,luar jawa
702,luar jawa
703,luar jawa
704,jawa
705,luar jawa
706,jawa
707,luar jawa
708,jawa
709,-
710,luar jawa
711,jawa
712,luar jawa
713,jawa
714,jawa
715,luar jawa
716,jawa
717,-
718,jawa
719,luar jawa
720,luar jawa
721,jawa
722,-
723,luar jawa
724,luar jawa
725,-
726,jawa
727,jawa
728,jawa
729,luar jawa
730,-
731,-
732,luar jawa
733,luar jawa
734,jawa
735,jawa
736,-
737,jawa
738,jawa
739,jawa
740,-
741,jawa
742,luar jawa
743,-
744,jawa
745,jawa
746,jawa
747,luar jawa
748,luar jawa
749,jawa
750,jawa
751,jawa
752,jawa
753,jawa
754,-
755,-
756,jawa
757,jawa
758,-
759,jawa
760,jawa
761,-
762,jawa
763,jawa
764,-
765,luar jawa
766,luar jawa
767,jawa
768,jawa
769,luar jawa
770,-
771,luar jawa
772,jawa
773,luar jawa
774,jawa
775,luar jawa
776,-
777,jawa
778,-
779,-
780,luar jawa
781,luar jawa
782,-
783,-
784,-
785,-
786,-
787,-
788,jawa
789,jawa
790,jawa
791,luar jawa
792,luar jawa
793,jawa
794,jawa
795,-
796,luar jawa
797,luar jawa
798,luar jawa
799,luar jawa
800,luar jawa
801,luar jawa
802,luar jawa
803,jawa
804,jawa
805,luar jawa
806,luar jawa
807,jawa
808,jawa
809,jawa
810,luar jawa
811,jawa
812,jawa
813,-
814,-
815,-
816,-
817,-
818,-
819,-
820,-
821,jawa
822,luar jawa
823,-
824,jawa
825,jawa
826,jawa
827,jawa
828,jawa
829,luar jawa
830,-
831,jawa
832,luar jawa
833,-
834,jawa
835,luar jawa
836,-
837,luar jawa
838,-
839,jawa
840,luar jawa
841,jawa
842,jawa
843,jawa
844,-
845,luar jawa
846,jawa
847,-
848,jawa
849,luar jawa
850,-
851,jawa
852,luar jawa
853,jawa
854,luar jawa
855,luar jawa
856,luar jawa
857,jawa
858,jawa
859,luar jawa
860,luar jawa
861,jawa
862,luar jawa
863,-
864,luar jawa
865,-
866,jawa
867,luar jawa
868,luar jawa
869,jawa
870,luar jawa
871,jawa
872,jawa
873,jawa
874,jawa
875,-
876,jawa
877,luar jawa
878,jawa
879,jawa
880,luar jawa
881,-
882,luar jawa
883,jawa
884,-
885,luar jawa
886,-
887,-
888,luar jawa
889,jawa
890,jawa
891,jawa
892,-
893,jawa
894,luar jawa
895,jawa
896,jawa
897,-
898,jawa
899,luar jawa
900,jawa
901,jawa
902,luar jawa
903,jawa
904,jawa
905,-
906,jawa
907,jawa
908,luar jawa
909,luar jawa
910,luar jawa
911,-
912,jawa
913,luar jawa
914,-
915,jawa
916,jawa
917,luar jawa
918,jawa
919,jawa
920,jawa
921,jawa
922,luar jawa
923,jawa
924,luar jawa
925,luar jawa
926,luar jawa
927,jawa
928,jawa
929,luar jawa
930,luar jawa
931,luar jawa
932,luar jawa
933,luar jawa
934,-
935,-
936,-
937,jawa
938,luar jawa
939,luar jawa
940,jawa
941,luar jawa
942,jawa
943,luar jawa
944,luar jawa
945,jawa
946,luar jawa
947,jawa
948,-
949,jawa
950,jawa
951,jawa
952,luar jawa
953,jawa
954,-
955,jawa
956,luar jawa
957,luar jawa
958,jawa
959,luar jawa
960,luar jawa
961,luar jawa
962,luar jawa
963,luar jawa
964,jawa
965,-
966,jawa
967,luar jawa
968,luar jawa
969,luar jawa
970,-
971,jawa
972,jawa
973,jawa
974,-
975,jawa
976,luar jawa
977,luar jawa
978,luar jawa
979,luar jawa
980,jawa
981,luar jawa
982,-
983,luar jawa
984,luar jawa
985,luar jawa
986,jawa
987,luar jawa
988,luar jawa
989,jawa
990,luar jawa
991,-
992,jawa
993,luar jawa
994,jawa
995,-
996,luar jawa
997,-
998,jawa
999,luar jawa
1000,jawa
1001,jawa
1002,jawa
1003,luar jawa
1004,jawa
1005,luar jawa
1006,luar jawa
1007,jawa
1008,luar jawa
1009,luar jawa
1010,luar jawa
1011,-
1012,-
1013,jawa
1014,luar jawa
1015,luar jawa
1016,luar jawa
1017,luar jawa
1018,jawa
1019,jawa
1020,jawa
1021,luar jawa
1022,jawa
1023,luar jawa
1024,luar jawa
1025,jawa
1026,-
1027,-
1028,jawa
1029,luar jawa
1030,luar jawa
1031,jawa
1032,luar jawa
1033,luar jawa
1034,jawa
1035,luar jawa
1036,jawa
1037,luar jawa
1038,luar jawa
1039,jawa
1040,luar jawa
1041,jawa
1042,-
1043,jawa
1044,luar jawa
1045,luar jawa
1046,luar jawa
1047,luar jawa
1048,-
1049,jawa
1050,luar jawa
1051,luar jawa
1052,luar jawa
1053,-
1054,jawa
1055,jawa
1056,jawa
1057,-
1058,jawa
1059,luar jawa
1060,luar jawa
1061,jawa
1062,jawa
1063,luar jawa
1064,luar jawa
1065,-
1066,jawa
1067,luar jawa
1068,-
1069,jawa
1070,-
1071,luar jawa
1072,-
1073,-
1074,luar jawa
1075,luar jawa
1076,jawa
1077,luar jawa
1078,-
1079,-
1080,jawa
1081,-
1082,jawa
1083,jawa
1084,-
1085,luar jawa
1086,-
1087,-
1088,-
1089,jawa
1090,jawa
1091,jawa
1092,jawa
1093,-
1094,jawa
1095,jawa
1096,-
1097,-
1098,-
1099,-
1100,-
1101,-
1102,luar jawa
1103,-
1104,-
1105,-
1106,-
1107,-
1108,-
1109,-
1110,luar jawa
1111,-
1112,-
1113,-
1114,-
1115,jawa
1116,jawa
1117,-
1118,-
1119,luar jawa
1120,jawa
1121,jawa
1122,jawa
1123,-
1124,-
1125,-
1126,-
1127,-
1128,-
1129,-
1130,-
1131,-
1132,jawa
1133,-
1134,-
1135,jawa
1136,luar jawa
1137,-
1138,-
1139,luar jawa
1140,luar jawa
1141,jawa
1142,luar jawa
1143,-
1144,jawa
1145,-
1146,jawa
1147,-
1148,luar jawa
1149,jawa
1150,luar jawa
1151,-
1152,luar jawa
1153,luar jawa
1154,-
1155,jawa
1156,jawa
1157,luar jawa
1158,luar jawa
1159,-
1160,luar jawa
1161,luar jawa
1162,jawa
1163,jawa
1164,jawa
1165,jawa
1166,-
1167,jawa
1168,luar jawa
1169,luar jawa
1170,luar jawa
1171,luar jawa
1172,luar jawa
1173,luar jawa
1174,luar jawa
1175,luar jawa
1176,jawa
1177,luar jawa
1178,jawa
1179,jawa
1180,jawa
1181,jawa
1182,-
1183,luar jawa
1184,luar jawa
1185,luar jawa
1186,luar jawa
1187,jawa
1188,luar jawa
1189,luar jawa
1190,jawa
1191,jawa
1192,-
1193,luar jawa
1194,jawa
1195,luar jawa
1196,jawa
1197,jawa
1198,jawa
1199,luar jawa
1200,luar jawa
1201,-
1202,luar jawa
1203,-
1204,luar jawa
1205,luar jawa
1206,luar jawa
1207,jawa
1208,luar jawa
1209,jawa
1210,luar jawa
1211,luar jawa
1212,luar jawa
1213,luar jawa
1214,jawa
1215,luar jawa
1216,luar jawa
1217,jawa
1218,luar jawa
1219,jawa
1220,jawa
1221,-
1222,jawa
1223,jawa
1224,jawa
1225,luar jawa
1226,-
1227,jawa
1228,luar jawa
1229,luar jawa
1230,jawa
1231,luar jawa
1232,luar jawa
1233,luar jawa
1234,luar jawa
1235,luar jawa
1236,-
1237,jawa
1238,jawa
1239,jawa
1240,luar jawa
1241,jawa
1242,jawa
1243,jawa
1244,jawa
1245,jawa
1246,luar jawa
1247,luar jawa
1248,luar jawa
1249,jawa
1250,luar jawa
1251,luar jawa
1252,luar jawa
1253,luar jawa
1254,luar jawa
1255,luar jawa
1256,-
1257,jawa
1258,luar jawa
1259,-
1260,luar jawa
1261,luar jawa
1262,luar jawa
1263,luar jawa
1264,luar jawa
1265,jawa
1266,-
1267,luar jawa
1268,luar jawa
1269,jawa
1270,jawa
1271,jawa
1272,jawa
1273,luar jawa
1274,jawa
1275,-
1276,luar jawa
1277,-
1278,luar jawa
1279,luar jawa
1280,-
1281,luar jawa
1282,jawa
1283,jawa
1284,luar jawa
1285,-
1286,jawa
1287,jawa
1288,jawa
1289,luar jawa
1290,-
1291,jawa
1292,jawa
1293,-
1294,jawa
1295,luar jawa
1296,luar jawa
1297,-
1298,jawa
1299,luar jawa
1300,jawa
1301,jawa
1302,luar jawa
1303,jawa
1304,jawa
1305,luar jawa
1306,luar jawa
1307,jawa
1308,jawa
1309,jawa
1310,-
1311,luar jawa
1312,luar jawa
1313,luar jawa
1314,luar jawa
1315,jawa
1316,luar jawa
1317,luar jawa
1318,jawa
1319,-
1320,-
1321,jawa
1322,-
1323,jawa
1324,-
1325,-
1326,jawa
1327,luar jawa
1328,luar jawa
1329,luar jawa
1330,jawa
1331,luar jawa
1332,luar jawa
1333,luar jawa
1334,-
1335,-
1336,jawa
1337,luar jawa
1338,-
1339,luar jawa
1340,jawa
1341,jawa
1342,jawa
1343,luar jawa
1344,-
1345,luar jawa
1346,luar jawa
1347,luar jawa
1348,luar jawa
1349,luar jawa
1350,luar jawa
1351,luar jawa
1352,jawa
1353,jawa
1354,luar jawa
1355,jawa
1356,jawa
1357,jawa
1358,luar jawa
1359,jawa
1360,-
1361,jawa
1362,jawa
1363,jawa
1364,jawa
1365,luar jawa
1366,luar jawa
1367,-
1368,jawa
1369,luar jawa
1370,jawa
1371,luar jawa
1372,jawa
1373,luar jawa
1374,jawa
1375,jawa
1376,-
1377,-
1378,jawa
1379,-
1380,-
1381,-
1382,jawa
1383,jawa
1384,jawa
1385,jawa
1386,-
1387,jawa
1388,jawa
1389,luar jawa
1390,-
1391,jawa
1392,jawa
1393,-
1394,luar jawa
1395,luar jawa
1396,luar jawa
1397,luar jawa
1398,-
1399,-
1400,luar jawa
1401,jawa
1402,jawa
1403,jawa
1404,luar jawa
1405,jawa
1406,-
1407,-
1408,-
1409,-
1410,jawa
1411,-
1412,jawa
1413,luar jawa
1414,jawa
1415,jawa
1416,-
1417,jawa
1418,jawa
1419,-
1420,jawa
1421,jawa
1422,luar jawa
1423,-
1424,-
1425,jawa
1426,luar jawa
1427,jawa
1428,jawa
1429,jawa
1430,luar jawa
1431,-
1432,-
1433,-
1434,-
1435,-
1436,-
1437,-
1438,-
1439,jawa
1440,-
1441,luar jawa
1442,jawa
1443,-
1444,-
1445,luar jawa
1446,jawa
1447,jawa
1448,luar jawa
1449,luar jawa
1450,jawa
1451,-
1452,jawa
1453,luar jawa
1454,jawa
1455,-
1456,luar jawa
1457,jawa
1458,jawa
1459,luar jawa
1460,luar jawa
1461,luar jawa
1462,jawa
1463,jawa
1464,jawa
1465,-
1466,luar jawa
1467,luar jawa
1468,jawa
1469,jawa
1470,jawa
1471,jawa
1472,luar jawa
1473,luar jawa
1474,-
1475,luar jawa
1476,luar jawa
1477,luar jawa
1478,-
1479,-
1480,luar jawa
1481,luar jawa
1482,luar jawa
1483,jawa
1484,jawa
1485,luar jawa
1486,jawa
1487,jawa
1488,jawa
1489,luar jawa
1490,-
1491,jawa
1492,luar jawa
1493,-
1494,jawa
1495,jawa
1496,luar jawa
1497,-
1498,-
1499,jawa
1500,jawa
1501,jawa
1502,luar jawa
1503,-
1504,-
1505,luar jawa
1506,-
1507,jawa
1508,-
1509,luar jawa
1510,luar jawa
1511,jawa
1512,jawa
1513,jawa
1514,jawa
1515,jawa
1516,-
1517,jawa
1518,jawa
1519,-
1520,jawa
1521,jawa
1522,jawa
1523,luar jawa
1524,-
1525,jawa
1526,luar jawa
1527,luar jawa
1528,luar jawa
1529,-
1530,jawa
1531,-
1532,luar jawa
1533,jawa
1534,jawa
1535,jawa
1536,jawa
1537,luar jawa
1538,-
1539,-
1540,-
1541,-
1542,-
1543,-
1544,-
1545,-
1546,-
1547,-
1548,-
1549,-
1550,-
1551,-
1552,-
1553,-
1554,-
1555,-
1556,-
1557,-
1558,-
1559,-
1560,-
1561,-
1562,-
1563,-
1564,-
1565,-
1566,-
1567,-
1568,-
1569,-
1570,-
1571,-
1572,-
1573,-
1574,-
1575,-
1576,-
1577,-
1578,-
1579,-
1580,-
1581,-
1582,-
1583,-
1584,-
1585,-
1586,-
1587,-
1588,-
1589,-
1590,-
1591,-
1592,-
1593,-
1594,-
1595,-
1596,-
1597,-
1598,-
1599,-
1600,-
1601,-
1602,-
1603,-
1604,-
1605,-
1606,-
1607,-
1608,-
1609,-
1610,-
1611,-
1612,-
1613,-
1614,-
1615,-
1616,-
1617,-
1618,-
1619,-
1620,-
1621,-
1622,-
1623,-
1624,-
1625,-
1626,-
1627,-
1628,-
1629,-
1630,-
1631,-
1632,-
1633,-
1634,-
1635,-
1636,-
1637,-
1638,-
1639,-
1640,-
1641,-
1642,-
1643,-
1644,-
1645,-
1646,-
1647,-
1648,-
1649,-
1650,-
1651,-
1652,-
1653,-
1654,-
1655,-
1656,-
1657,-
1658,-
1659,-
1660,-
1661,-
1662,-
1663,-
1664,-
1665,-
1666,-
1667,-
1668,-
1669,-
1670,-
1671,-
1672,-
1673,-
1674,-
1675,-
1676,-
1677,-
1678,-
1679,-
1680,-
1681,-
1682,-
1683,-
1684,-
1685,-
1686,-
1687,-
1688,-
1689,-
1690,-
1691,-
1692,-
1693,-
1694,-
1695,-
1696,-
1697,-
1698,-
1699,-
1700,-
1701,-
1702,-
1703,-
1704,-
1705,-
1706,-
1707,-
1708,-
1709,-
1710,-
1711,-
1712,-
1713,-
1714,-
1715,-
1716,-
1717,-
1718,-
1719,-
1720,-
1721,-
1722,-
1723,-
1724,-
1725,-
1726,-
1727,-
1728,-
1729,-
1730,-
1731,-
1732,-
1733,-
1734,-
1735,-
1736,-
1737,-
1738,-
1739,-
1740,-
1741,-
1742,-
1743,-
1744,-
1745,-
1746,-
1747,-
1748,-
1749,-
1750,-
1751,-
1752,-
1753,-
1754,-
1755,-
1756,-
1757,-
1758,-
1759,-
1760,-
1761,-
1762,-
1763,-
1764,-
1765,-
1766,-
1767,-
1768,-
1769,-
1770,-
1771,-
1772,-
1773,-
1774,-
1775,-
1776,-
1777,-
1778,-
1779,-
1780,-
1781,-
1782,-
1783,-
1784,-
1785,-
1786,-
1787,-
1788,-
1789,-
1790,-
1791,-
1792,-
1793,-
1794,-
1795,-
1796,-
1797,-
1798,-
1799,-
1800,-
1801,-
1802,-
1803,-
1804,-
1805,-
1806,-
1807,-
1808,-
1809,-
1810,-
1811,-
1812,-
1813,-
1814,-
1815,-
1816,-
1817,-
1818,-
1819,-
1820,-
1821,-
1822,-
1823,-
1824,-
1825,-
1826,-
1827,-
1828,-
1829,-
1830,-
1831,-
1832,-
1833,-
1834,-
1835,-
1836,-
1837,-
1838,-
1839,-
1840,-
1841,-
1842,-
1843,-
1844,-
1845,-
1846,-
1847,-
1848,-
1849,-
1850,-
1851,-
1852,-
1853,-
1854,-
1855,-
1856,-
1857,-
1858,-
1859,-
1860,-
1861,-
1862,-
1863,-
1864,-
1865,-
1866,-
1867,-
1868,-
1869,-
1870,-
1871,-
1872,-
1873,-
1874,-
1875,-
1876,-
1877,-
1878,-
1879,-
1880,-
1881,-
1882,-
1883,-
1884,-
1885,-
1886,-
1887,-
1888,-
1889,-
1890,-
1891,-
1892,-
1893,-
1894,-
1895,-
1896,-
1897,-
1898,-
1899,-
1900,-
1901,-
1902,-
1903,-
1904,-
1905,-
1906,-
1907,-
1908,-
1909,-
1910,-
1911,-
1912,-
1913,-
1914,-
1915,-
1916,-
1917,-
1918,-
1919,-
1920,-
1921,-
1922,-
1923,-
1924,-
1925,-
1926,-
1927,-
1928,-
1929,-
1930,-
1931,-
1932,-
1933,-
1934,-
1935,-
1936,-
1937,-
1938,-
1939,-
1940,-
1941,-
1942,-
1943,-
1944,-
1945,-
1946,-
1947,-
1948,-
1949,-
1950,-
1951,-
1952,-
1953,-
1954,-
1955,-
1956,-
1957,-
1958,-
1959,-
1960,-
1961,-
1962,-
1963,-
1964,-
1965,-
1966,-
1967,-
1968,-
1969,-
1970,-
1971,-
1972,-
1973,-
1974,-
1975,-
1976,-
1977,-
1978,-
1979,-
1980,-
1981,-
1982,-
1983,-
1984,-
1985,-
1986,-
1987,-
1988,-
1989,-
1990,-
1991,-
1992,-
1993,-
1994,-
1995,-
1996,-
1997,-
1998,-
1999,-
2000,-
2001,-
2002,-
2003,-
2004,-
2005,-
2006,-
2007,-
2008,-
2009,-
2010,-
2011,-
2012,-
2013,-
2014,-
2015,-
2016,-
2017,-
2018,-
2019,-
2020,-
2021,-
2022,-
2023,-
2024,-
2025,-
2026,-
2027,-
2028,-
2029,-
2030,-
2031,-
2032,-
2033,-
2034,-
2035,-
2036,-
2037,-
2038,-
2039,-
2040,-
2041,-
2042,-
2043,-
2044,-
2045,-
2046,-
2047,-
2048,-
2049,-
2050,-
2051,-
2052,-
2053,-
2054,-
2055,-
2056,-
2057,-
2058,-
2059,-
2060,-
2061,-
2062,-
2063,-
2064,-
2065,-
2066,-
2067,-
2068,-
2069,-
2070,-
2071,-
2072,-
2073,-
2074,-
2075,-
2076,-
2077,-
2078,-
2079,-
2080,-
2081,-
2082,-
2083,-
2084,-
2085,-
2086,-
2087,-
2088,-
2089,-
2090,-
2091,-
2092,-
2093,-
2094,-
2095,-
2096,-
2097,-
2098,-
2099,-
2100,-
2101,-
2102,-
2103,-
2104,-
2105,-
2106,-
2107,-
2108,-
2109,-
2110,-
2111,-
2112,-
2113,-
2114,-
2115,-
2116,-
2117,-
2118,-
2119,-
2120,-
2121,-
2122,-
2123,-
2124,-
2125,-
2126,-
2127,-
2128,-
2129,-
2130,-
2131,-
2132,-
2133,-
2134,-
2135,-
2136,-
2137,-
2138,-
2139,-
2140,-
2141,-
2142,-
2143,-
2144,-
2145,-
2146,-
2147,-
2148,-
2149,-
2150,-
2151,-
2152,-
2153,-
2154,-
2155,-
2156,-
2157,-
2158,-
2159,-
2160,-
2161,-
2162,-
2163,-
2164,-
2165,-
2166,-
2167,-
2168,-
2169,-
2170,-
2171,-
2172,-
2173,-
2174,-
2175,-
2176,-
2177,-
2178,-
2179,-
2180,-
2181,-
2182,-
2183,-
2184,-
2185,-
2186,-
2187,-
2188,-
2189,-
2190,-
2191,-
2192,-
2193,-
2194,-
2195,-
2196,-
2197,-
2198,-
2199,-
2200,-
2201,-
2202,-
2203,-
2204,-
2205,-
2206,-
2207,-
2208,-
2209,-
2210,-
2211,-
2212,-
2213,-
2214,-
2215,-
2216,-
2217,-
2218,-
2219,-
2220,-
2221,-
2222,-
2223,-
2224,-
2225,-
2226,-
2227,-
2228,-
2229,-
2230,-
2231,-
2232,-
2233,-
2234,-
2235,-
2236,-
2237,-
2238,-
2239,-
2240,-
2241,-
2242,-
2243,-
2244,-
2245,-
2246,-
2247,-
2248,-
2249,-
2250,-
2251,-
2252,-
2253,-
2254,-
2255,-
2256,-
2257,-
2258,-
2259,-
2260,-
2261,-
2262,-
2263,-
2264,-
2265,-
2266,-
2267,-
2268,-
2269,-
2270,-
2271,-
2272,-
2273,-
2274,-
2275,-
2276,-
2277,-
2278,-
2279,-
2280,-
2281,-
2282,-
2283,-
2284,-
2285,-
2286,-
2287,-
2288,-
2289,-
2290,-
2291,-
2292,-
2293,-
2294,-
2295,-
2296,-
2297,-
2298,-
2299,-
2300,-
2301,-
2302,-
2303,-
2304,-
2305,-
2306,-
2307,-
2308,-
2309,-
2310,-
2311,-
2312,-
2313,-
2314,-
2315,-
2316,-
2317,-
2318,-
2319,-
2320,-
2321,-
2322,-
2323,-
2324,-
2325,-
2326,-
2327,-
2328,-
2329,-
2330,-
2331,-
2332,-
2333,-
2334,-
2335,-
2336,-
2337,-
2338,-
2339,-
2340,-
2341,-
2342,-
2343,-
2344,-
2345,-
2346,-
2347,-
2348,-
2349,-
2350,-
2351,-
2352,-
2353,-
2354,-
2355,-
2356,-
2357,-
2358,-
2359,-
2360,-
2361,-
2362,-
2363,-
2364,-
2365,-
2366,-
2367,-
2368,-
2369,-
2370,-
2371,-
2372,-
2373,-
2374,-
2375,-
2376,-
2377,-
2378,-
2379,-
2380,-
2381,-
2382,-
2383,-
2384,-
2385,-
2386,-
2387,-
2388,-
2389,-
2390,-
2391,-
2392,-
2393,-
2394,-
2395,-
2396,-
2397,-
2398,-
2399,-
2400,-
2401,-
2402,-
2403,-
2404,-
2405,-
2406,-
2407,-
2408,-
2409,-
2410,-
2411,-
2412,-
2413,-
2414,-
2415,-
2416,-
2417,-
2418,-
2419,-
2420,-
2421,-
2422,-
2423,-
2424,-
2425,-
2426,-
2427,-
2428,-
2429,-
2430,-
2431,-
2432,-
2433,-
2434,-
2435,-
2436,-
2437,-
2438,-
2439,-
2440,-
2441,-
2442,-
2443,-
2444,-
2445,-
2446,-
2447,-
2448,-
2449,-
2450,-
2451,-
2452,-
2453,-
2454,-
2455,-
2456,-
2457,-
2458,-
2459,-
2460,-
2461,-
2462,-
2463,-
2464,-
2465,-
2466,-
2467,-
2468,-
2469,-
2470,-
2471,-
2472,-
2473,-
2474,-
2475,-
2476,-
2477,-
2478,-
2479,-
2480,-
2481,-
2482,-
2483,-
2484,-
2485,-
2486,-
2487,-
2488,-
2489,-
2490,-
2491,-
2492,-
2493,-
2494,-
2495,-
2496,-
2497,-
2498,-
2499,-
2500,-
2501,-
2502,-
2503,-
2504,-
2505,-
2506,-
2507,-
2508,-
2509,-
2510,-
2511,-
2512,-
2513,-
2514,-
2515,-
2516,-
2517,-
2518,-
2519,-
2520,-
2521,-
2522,-
2523,-
2524,-
2525,-
2526,-
2527,-
2528,-
2529,-
2530,-
2531,-
2532,-
2533,-
2534,-
2535,-
2536,-
2537,-
2538,-
2539,-
2540,-
2541,-
2542,-
2543,-
2544,-
2545,-
2546,-
2547,-
2548,-
2549,-
2550,-
2551,-
2552,-
2553,-
2554,-
2555,-
2556,-
2557,-
2558,-
2559,-
2560,-
2561,-
2562,-
2563,-
2564,-
2565,-
2566,-
2567,-
2568,-
2569,-
2570,-
2571,-
2572,-
2573,-
2574,-
2575,-
2576,-
2577,-
2578,-
2579,-
2580,-
2581,-
2582,-
2583,-
2584,-
2585,-
2586,-
2587,-
2588,-
2589,-
2590,-
2591,-
2592,-
2593,-
2594,-
2595,-
2596,-
2597,-
2598,-
2599,-
2600,-
2601,-
2602,-
2603,-
2604,-
2605,-
2606,-
2607,-
2608,-
2609,-
2610,-
2611,-
2612,-
2613,-
2614,-
2615,-
2616,-
2617,-
2618,-
2619,-
2620,-
2621,-
2622,-
2623,-
2624,-
2625,-
2626,-
2627,-
2628,-
2629,-
2630,-
2631,-
2632,-
2633,-
2634,-
2635,-
2636,-
2637,-
2638,-
2639,-
2640,-
2641,-
2642,-
2643,-
2644,-
2645,-
2646,-
2647,-
2648,-
2649,-
2650,-
2651,-
2652,-
2653,-
2654,-
2655,-
2656,-
2657,-
2658,-
2659,-
2660,-
2661,-
2662,-
2663,-
2664,-
2665,-
2666,-
2667,-
2668,-
2669,-
2670,-
2671,-
2672,-
2673,-
2674,-
2675,-
2676,-
2677,-
2678,-
2679,-
2680,-
2681,-
2682,-
2683,-
2684,-
2685,-
2686,-
2687,-
2688,-
2689,-
2690,-
2691,-
2692,-
2693,-
2694,-
2695,-
2696,-
2697,-
2698,-
2699,-
2700,-
2701,-
2702,-
2703,-
2704,-
2705,-
2706,-
2707,-
2708,-
2709,-
2710,-
2711,-
2712,-
2713,-
2714,-
2715,-
2716,-
2717,-
2718,-
2719,-
2720,-
2721,-
2722,-
2723,-
2724,-
2725,-
2726,-
2727,-
2728,-
2729,-
2730,-
2731,-
2732,-
2733,-
2734,-
2735,-
2736,-
2737,-
2738,-
2739,-
2740,-
2741,-
2742,-
2743,-
2744,-
2745,-
2746,-
2747,-
2748,-
2749,-
2750,-
2751,-
2752,-
2753,-
2754,-
2755,-
2756,-
2757,-
2758,-
2759,-
2760,-
2761,-
2762,-
2763,-
2764,-
2765,-
2766,-
2767,-
2768,-
2769,-
2770,-
2771,-
2772,-
2773,-
2774,-
2775,-
2776,-
2777,-
2778,-
2779,-
2780,-
2781,-
2782,-
2783,-
2784,-
2785,-
2786,-
2787,-
2788,-
2789,-
2790,-
2791,-
2792,-
2793,-
2794,-
2795,-
2796,-
2797,-
2798,-
2799,-
2800,-
2801,-
2802,-
2803,-
2804,-
2805,-
2806,-
2807,-
2808,-
2809,-
2810,-
2811,-
2812,-
2813,-
2814,-
2815,-
2816,-
2817,-
2818,-
2819,-
2820,-
2821,-
2822,-
2823,-
2824,-
2825,-
2826,-
2827,-
2828,-
2829,-
2830,-
2831,-
2832,-
2833,-
2834,-
2835,-
2836,-
2837,-
2838,-
2839,-
2840,-
2841,-
2842,-
2843,-
2844,-
2845,-
2846,-
2847,-
2848,-
2849,-
2850,-
2851,-
2852,-
2853,-
2854,-
2855,-
2856,-
2857,-
2858,-
2859,-
2860,-
2861,-
2862,-
2863,-
2864,-
2865,-
2866,-
2867,-
2868,-
2869,-
2870,-
2871,-
2872,-
2873,-
2874,-
2875,-
2876,-
2877,-
2878,-
2879,-
2880,-
2881,-
2882,-
2883,-
2884,-
2885,-
2886,-
2887,-
2888,-
2889,-
2890,-
2891,-
2892,-
2893,-
2894,-
2895,-
2896,-
2897,-
2898,-
2899,-
2900,-
2901,-
2902,-
2903,-
2904,-
2905,-
2906,-
2907,-
2908,-
2909,-
2910,-
2911,-
2912,-
2913,-
2914,-
2915,-
2916,-
2917,-
2918,-
2919,-
2920,-
2921,-
2922,-
2923,-
2924,-
2925,-
2926,-
2927,-
2928,-
2929,-
2930,-
2931,-
2932,-
2933,-
2934,-
2935,-
2936,-
2937,-
2938,-
2939,-
2940,-
2941,-
2942,-
2943,-
2944,-
2945,-
2946,-
2947,-
2948,-
2949,-
2950,-
2951,-
2952,-
2953,-
2954,-
2955,-
2956,-
2957,-
2958,-
2959,-
2960,-
2961,-
2962,-
2963,-
2964,-
2965,-
2966,-
2967,-
2968,-
2969,-
2970,-
2971,-
2972,-
2973,-
2974,-
2975,-
2976,-
2977,-
2978,-
2979,-
2980,-
2981,-
2982,-
2983,-
2984,-
2985,-
2986,-
2987,-
2988,-
2989,-
2990,-
2991,-
2992,-
2993,-
2994,-
2995,-
2996,-
2997,-
2998,-
2999,-
3000,-
3001,-
3002,-
3003,-
3004,-
3005,-
3006,-
3007,-
3008,-
3009,-
3010,-
3011,-
3012,-
3013,-
3014,-
3015,-
3016,-
3017,-
3018,-
3019,-
3020,-
3021,-
3022,-
3023,-
3024,-
3025,-
3026,-
3027,-
3028,-
3029,-
3030,-
3031,-
3032,-
3033,-
3034,-
3035,-
3036,-
3037,-
3038,-
3039,-
3040,-
3041,-
3042,-
3043,-
3044,-
3045,-
3046,-
3047,-
3048,-
3049,-
3050,-
3051,-
3052,-
3053,-
3054,-
3055,-
3056,-
3057,-
3058,-
3059,-
3060,-
3061,-
3062,-
3063,-
3064,-
3065,-
3066,-
3067,-
3068,-
3069,-
3070,-
3071,-
3072,-
3073,-
3074,-
3075,-
3076,-
3077,-
3078,-
3079,-
3080,-
3081,-
3082,-
3083,-
3084,-
3085,-
3086,-
3087,-
3088,-
3089,-
3090,-
3091,-
3092,-
3093,-
3094,-
3095,-
3096,-
3097,-
3098,-
3099,-
3100,-
3101,-
3102,-
3103,-
3104,-
3105,-
3106,-
3107,-
3108,-
3109,-
3110,-
3111,-
3112,-
3113,-
3114,-
3115,-
3116,-
3117,-
3118,-
3119,-
3120,-
3121,-
3122,-
3123,-
3124,-
3125,-
3126,-
3127,-
3128,-
3129,-
3130,-
3131,-
3132,-
3133,-
3134,-
3135,-
3136,-
3137,-
3138,-
3139,-
3140,-
3141,-
3142,-
3143,-
3144,-
3145,-
3146,-
3147,-
3148,-
3149,-
3150,-
3151,-
3152,-
3153,-
3154,-
3155,-
3156,-
3157,-
3158,-
3159,-
3160,-
3161,-
3162,-
3163,-
3164,-
3165,-
3166,-
3167,-
3168,-
3169,-
3170,-
3171,-
3172,-
3173,-
3174,-
3175,-
3176,-
3177,-
3178,-
3179,-
3180,-
3181,-
3182,-
3183,-
3184,-
3185,-
3186,-
3187,-
3188,-
3189,-
3190,-
3191,-
3192,-
3193,-
3194,-
3195,-
3196,-
3197,-
3198,-
3199,-
3200,-
3201,-
3202,-
3203,-
3204,-
3205,-
3206,-
3207,-
3208,-
3209,-
3210,-
3211,-
3212,-
3213,-
3214,-
3215,-
3216,-
3217,-
3218,-
3219,-
3220,-
3221,-
3222,-
3223,-
3224,-
3225,-
3226,-
3227,-
3228,-
3229,-
3230,-
3231,-
3232,-
3233,-
3234,-
3235,-
3236,-
3237,-
3238,-
3239,-
3240,-
3241,-
3242,-
3243,-
3244,-
3245,-
3246,-
3247,-
3248,-
3249,-
3250,-
3251,-
3252,-
3253,-
3254,-
3255,-
3256,-
3257,-
3258,-
3259,-
3260,-
3261,-
3262,-
3263,-
3264,-
3265,-
3266,-
3267,-
3268,-
3269,-
3270,-
3271,-
3272,-
3273,-
3274,-
3275,-
3276,-
3277,-
3278,-
3279,-
3280,-
3281,-
3282,-
3283,-
3284,-
3285,-
3286,-
3287,-
3288,-
3289,-
3290,-
3291,-
3292,-
3293,-
3294,-
3295,-
3296,-
3297,-
3298,-
3299,-
3300,-
3301,-
3302,-
3303,-
3304,-
3305,-
3306,-
3307,-
3308,-
3309,-
3310,-
3311,-
3312,-
3313,-
3314,-
3315,-
3316,-
3317,-
3318,-
3319,-
3320,-
3321,-
3322,-
3323,-
3324,-
3325,-
3326,-
3327,-
3328,-
3329,-
3330,-
3331,-
3332,-
3333,-
3334,-
3335,-
3336,-
3337,-
3338,-
3339,-
3340,-
3341,-
3342,-
3343,-
3344,-
3345,-
3346,-
3347,-
3348,-
3349,-
3350,-
3351,-
3352,-
3353,-
3354,-
3355,-
3356,-
3357,-
3358,-
3359,-
3360,-
3361,-
3362,-
3363,-
3364,-
3365,-
3366,-
3367,-
3368,-
3369,-
3370,-
3371,-
3372,-
3373,-
3374,-
3375,-
3376,-
3377,-
3378,-
3379,-
3380,-
3381,-
3382,-
3383,-
3384,-
3385,-
3386,-
3387,-
3388,-
3389,-
3390,-
3391,-
3392,-
3393,-
3394,-
3395,-
3396,-
3397,-
3398,-
3399,-
3400,-
3401,-
3402,-
3403,-
3404,-
3405,-
3406,-
3407,-
3408,-
3409,-
3410,-
3411,-
3412,-
3413,-
3414,-
3415,-
3416,-
3417,-
3418,-
3419,-
3420,-
3421,-
3422,-
3423,-
3424,-
3425,-
3426,-
3427,-
3428,-
3429,-
3430,-
3431,-
3432,-
3433,-
3434,-
3435,-
3436,-
3437,-
3438,-
3439,-
3440,-
3441,-
3442,-
3443,-
3444,-
3445,-
3446,-
3447,-
3448,-
3449,-
3450,-
3451,-
3452,-
3453,-
3454,-
3455,-
3456,-
3457,-
3458,-
3459,-
3460,-
3461,-
3462,-
3463,-
3464,-
3465,-
3466,-
3467,-
3468,-
3469,-
3470,-
3471,-
3472,-
3473,-
3474,-
3475,-
3476,-
3477,-
3478,-
3479,-
3480,-
3481,-
3482,-
3483,-
3484,-
3485,-
3486,-
3487,-
3488,-
3489,-
3490,-
3491,-
3492,-
3493,-
3494,-
3495,-
3496,-
3497,-
3498,-
3499,-
3500,-
3501,-
3502,-
3503,-
3504,-
3505,-
3506,-
3507,-
3508,-
3509,-
3510,-
3511,-
3512,-
3513,-
3514,-
3515,-
3516,-
3517,-
3518,-
3519,-
3520,-
3521,-
3522,-
3523,-
3524,-
3525,-
3526,-
3527,-
3528,-
3529,-
3530,-
3531,-
3532,-
3533,-
3534,-
3535,-
